key,value,sum
5bc565ef18dbe0636cd3398a870ae24e1f184e5c484e1af3a502f77a0aceb0c5,202b3dfc2942ce33f8eca054e9bcbe75919b49c576a73637a1cb718ca8ca,9389079606550362202
51bac2946bce4dd8ee9af62f248bbd91ea27704b03b084165af6e6f3bd5ebd0c,a991a75a9c9c71b565157644eaba02873bc5076eccd4391ef1cacf5844bbb70c9cf7ba77c2346f82310012a4921adcff0267bdc4140fe746223b8dca35edb809da4ff8af9ee54aa7ae53dcb8e7833d09c2d515734f22fc2ca58283cc70f1212910d1bbb5a998d8bed45ef7f5425b9198a5da6d38b90be2a2a551bb138253d35407eb7d75532e33fea902c2a9556e5e3cd02a83be4f,14889998046858629186
bcfb1bb677946fd2d11e94dc9d4f510c0a1b0d46edc5e373c341760074dee842,4724d92df46f470c02917d8bf1de34a69190ec79ed50740e6ae78379a51d335d83b1f4d0505bcc5bc49561b797c92c4bd6bcf869706bed7238b540d5d110ff787241ee5d28db4ea78a07fab666ebb87ce92218ecd85e102c8303cbea2e0d672b2921564e4ab52d5c189d289b2ff1faf166dff0d355b67e51b267a88c709f24d3622996bf910b85dd03e3d26ce4f603b7f20df16414f124d065886e437f496d41bb9ba39d5226f436e31328352c7c6c56544d6dff26a4d5239e76ac81296ef49ad71238cdb47b5523771f7657df09eb842ecf9ec4b1ad95b317235e94473a1ed8e46787c87a3f828fc5cfb6344b1c92c271b6e6ff,8672395649127693361
c781a38265ba9d9713fb9649d9e1c12d05b185a8d54ea83b9a7a904aaf5e71c2,0294d5c24fa29fbd6ac6c673e3682e68ad6525b947c9e27733b5fc7451748c1f366f976eef3c41c1317cd586be86f093d62f0a1b8b7c61b137767ddf31850e98fc203b97a8e6c9ccc1df00f018d4600499299d78f00aed57a9e971c5b9ca9a434a93175aca64,11757909834835541193
06236ecee809045ebd72819284d4949fb16eb236eb5b444f7cd436b675ef9931,4d6e4f3dffdd7543119c111b9e0177ea48cdc0560fe612f00ab1f8b5cf52dcf8a0e1e9f32a52ec025139493c032a804fdd138c9f22dbeb91305f08988680afe66fa95ad09e61a9beed,8095666606687152637
31b5d0bd665e9e1c1244ac13610cf141fb35aaaf50a8698e47b95b720dc0df8d,2122749cfabb81120fb4f3beeaad1a5d6e705f77f34c9ea3a5400beb4dd75eb7da728fcbfb,16860854484598697596
6cdd1261811cfba15653ea8842f8fff33bda7aace14f6ed12422a79080b24393,5fe52931ad7c4f6c6dd1345cea6ba737dfa99b1050ced88fbd40b7957cf2731bce19e4193ae69ae232e08b4782654d051687c3c9c8a04b,2633287105368810910
7bfbca5a750988ef2c857cd086b14fa85314e0c6671fb84c6be9a980995e12b8,22dcdb9b35b32cab2faffed37a098dde26872c8a78666511367eea2e3a036f0a4ed7542e16b80e81f734b208eb151168848ca197ff74ac82527a9290a01f35165eaf0f72fb1a974dac16a5147f547da27eea8d8cc9c33b95091fd7d814ea28d7664506ba3119fa7f78dddd0d6e044b1bda0c705b4c2ddc82bcc67b45fc2266273e706ee43a358e87ff8064d0065c91edb7a8d10694513ed66eaec3fbd936fd1adea519ca4c034e0f67bb043829fc2e8fb3f0eca58d6d03fc9c58f989ab,17797206234668121138
150594101ee2812ba11eb1fadb92bfee464bfd0d98bae14d08760a82853cfe8c,57c0c422801b095a43d821a20b749b8a23a7051d43e4d1b02694eac0f28475fe2cde42dd7f9bed4fa788bc0edb3e76f1acd4d2e98f70e324aaaceb1e2ff5c989015277c82f35e49dcc3cb36d69d5b2f21565846e3df0d3ee225bbeac67d92b4ba64ec30670dd3a5679a55c0f91a7369bc0,6626110927139978458
e225936a97149e3f280b03afb53c5665de1fcac8cd04d639c8cbce41b26af8f4,86aa503135a4c29bae3554853652d3bbcccef5e86036b4fb449c8940d0082de110f10aedb4fc5fdf954384af200e31ab195c2acc551358843fb1922f7764968269eccb8cabd0f51ff7352a4ae19490f8de8056430b8ccabfa947f631bbfee013f7735a1fcc1bcaada7805cd04023b15ef22b2d9f58142e1ec2da78fa4259fb582d93c29027a3c498dd7bcf110f004206e29f57dcf48a85ea045b221e92372b0011dbb8f3e61e09232a90b9d5bbaa8ecaca2a53013f9eee54d3f5e487076382b60b8d5c943f4d07438e23778cbf220e394fda0bf9955bc6,3518666802410933647
b6a98117ba1bf3ae5453a495874161ce29b1dae4a7352c5568712a799b1370ff,d09f236d65e376f350894b3e34a817aff6da2c5e4c5602417a6223998e68156ac0272511392fb210e18d97432470b5fc1a0d67e6a6622e8e5df23d9b635007bfdd1088908e8c8406113c66b215586840cb8aa1821b26780ba69ba70d034e10b4c8783f,4429686436746357243
b94f5c1e39ef1b39f3ba56cfdd774b4d2352be4d78926ed7b66b56af26a6e05e,65912813f7d9e1b8574471790a3acf0eb45109e63f988b9fe856e7ff7b45d6e7925e4dc52e166f84da444a012061d002b9a7e3f4517c29da036b1a620d06f2c01670ac9d23939050c2db643367386eec50a672e7391556c7830ae98b12c274537b17a64308399d58c8279a0fc7cbca886c18b4296b284b4727d7f36e0754f35549ac53b07acf76557a9f2fc732147f672c9252,8030470783377375341
03857aec22379731d571a72d27cb9bce6cc67006da8ae98a03d63448b776eea0,5b4ece4b755b25e2ca06d480f855aa5083dfec55c3b77526feb7dd2bf11aacc4ff8bff0442bebac00d5045745c6ebb65960582817de57c3507ea6f79e2a6d5d78124b4626fc0efe9c722be8811b08ac84e85e1f71606a680e5da30cbe75d1b9bc8527fc245c842e939d69f083382a17fb966a4e97d6a5a95d9f1,13784081565335059146
23a32ad4b7808f5c054ba1dcf047e5177f2be16f81bc56d0fcb43dc3822d32b3,6186826f41ebf608b4d6727f1b8e45a57994b38405373a037294697c057acd1417b53480a12cc9dc35991d969257b89ef277ce7a6633a6c385300617ddee2324d9a30d2483a8c213ef0cfc11414ad9df7e1c1e007dfad580a3,3191742850460161797
df7b071cc00f4e8c09770f1813ef5c3dcaab39c4e30a52faab807e9627ec6957,cb304f75f4f238a2fb4581fab11554d073bd63b550,749474152782124954
5ec298342626ed1df8e090182d43ab2138db18b8f07ae642aea0460ab3947cd2,05b54fb441,278733545161736803
3f781f883ef158790b5f771ec7bce5313555e60a201b24105d3393b05f5e43eb,3d0ea3d0371e94e5bd532fe08c8230c50ff3153d6008dbc57e6b8950a8a9a6c493d5a7d8004837da4556be0811db20830a0878ebe163efe5a1f5f19d0fca9866c3463c71abeac7bbc625375557696e84526793fb302a05aa158ca890b8d2c40782c99aa1b790cda43cbe1a88fdefc699ae2a6f6c3ca61305f6552de3b185880fbe299dbe70d3d001f7f7d7d2a1eaa4b23b15f3e160bbe62aeb1d6e2ee8ae616c4c1db4543d91f97179f96d66696bf71df4a093d102c35b3c1c0e7e3a0c77325d29eddf9900e3ab6e67482378f307ffeb40cf462a6747016c1cd406bfe1f87c403e828a01f8a90379c40a7bc39e,1287098174483520523
e05b1a56d17acf498eb480d55788d768067a539548f02d4c7f4a0bfd739ea95e,b8699c9c4c951f2c44bf012881dd083eb22f7d6a9b5524b925b27b246e547a2b0d1e1397a8f58cc69d656bc5087c17f39c2a7d51ce55e110d6b880dbe7e8b688c8a8111bf98b2f4c82b18080b30d9197b9c94424189ccf8d261db151e12529f7a26c4b5e72b94370b1a06397dc7259d0147853e98db42ed2712cd72c3ecc0b206bf89037805803933606dd9d0d098efbe3afe0786069e177ed9cfac6663cefc12755db8b28a08119653686dca7c1ebd329a7c6481fa869d840ae1d103dfc71a0c7885ffd7923e5c2b04542dd0a860b77357f9a9c8979857ca8c46d479044e4460eda,7316849937263789854
7e9638edfdd4e84a9024a05dc394fabcd2049a35b75c9ca0f1e1211523d88476,e1499156e3681ea438c60e2e2d4e92c2cd7a32799261aa9a5cd8a8ed0b9b91f2cb4b220ef0e8cc4e9cd0f812c24811dc37ee61728e0e19b34b589d3e870a55651cc4bbbd2992ff7083011eb40bd604204d147292313adaa3d9c210bbaf2e43b62a5d1b60aa6942c7fa12bd9f9fec633f50e90f8d0914d2f44d035addbf298d8dd6,10243040656253055142
849853b3d2e8f700fe082e4de270abd80078d1a9842b94503fb5fd5620dda12d,bc7314dd6e66b927a3e5b8cd0db5c224756af7ef9ea3fc9f9ff239dd3829dbe3bdb0c63d73cff866ce7463b0ed9e0cdab954d55b95ce5fb2475ebd2213151665f9b9cd6119c436c4836e9a9f6ea924574d0f6fdb8e4039d0fe872765193e53fe0e1b3c0a8f2a746789c5a543d96fb7c9e4bd5652bf7e35e4eb7490073f01a3b26374f5cdf1c37ffb6efc25b6c9ebe9cf4d3649369d6e343528899a665029fb7f920581f40c6b1a1fbf2eb0f0b6eec9faac98ea75,10819828539619679941
3b2e44030ba1473561502e7284540b151c45cb0defd95d5eb9ed1ad4b9f3d844,89b202dd16bf4e9e9a0f0b427517a8a920452bfafa2a75723ccf174793d4aa0a9d08382b31c80af1f06fbdd0394fcae89cef65943cce0505958ffe6252aac5224779e40924e8cce74b5f734112d64e87b4e4b924e6a454da9fd507d55a81220eb74531baa946cb8a90d134ddf730427c9890512f9c31fef1415fcc38ef709dc65e2714bb0e645da03866da0920347fc8c3f87422987b2b0081c5238eba5d72375bc918f77611dfde476bde1d9a60f360cf1e8d7a6db59196d41519b366c44643d97dc5fb21ade62da676da703a2e7aa301f6424936f7586fe727f5932d9010fff96fc94cc7b3fefab14ed169750159ffc7a7ef4f5d53,6974518658165513747
060ff9e3dde5dd03ae28a14ce986efbe737bdf11dc75c8be0202f0d01215617e,07ca921d1ad6bc145683b0d3e75f261494db2f5d4267424466760275256e3fad903a608a4ad077251edc7b59bbc9f15a17fc6e76d05c7fae62d0d340008a74644f4f1f2d9601288eac5713fabc11eda49ec90f6b003ecf2ef8eaf87da46a0ebba9bba10e7aceb89ef32ec1d4952407c6eea61482e8bc88b670d60562d839f4fc,13568955296070283322
7299f6e24531052b446212e7f15abf7627a97103154b2c815d8795c78d5fda65,23e085b4ecf1cd76cb9f63981c21,11354292799086460546
cc17e5ef38fb9f2e304139a3d5e28be3e8362401310b5c950e2c8e26898f3a15,fa5240a478e719869e31c6903ef666dfcbc8b4b4aa26d844621fa2509f0b3bfc0fe152c3a1ea8ac560ec52a05a0757cdeb3229ab190a6967422a4a2192e751632e8a8b12bb57898369,2248771480463293010
21066ab069c6f0acdaf0ccf518fd89d33569550d87a052b3931a1153ad5cca6f,1a33d0ed3a69a0877666ffaeaea6472ffcf9ee76e4200ab7cd9d9ebfe34267a15c7b55d5a7818d1bb6c8971889325f1b29abd3546863e4ff6df786ac6f56e2563fbc1ab06961174f987e03960c1206276ef2352b8803d999171044821db404fe2d492e4e99b096bc6cf5284e98add7,5565064849554635396
cc95c7956a18c9e2a0d8d4cffba1643318e54f718a8cc360b30c39db0b8a2fa3,0eae3be546734505d70a71cf,2915864863608036527
576065a51ad46fc41c31206850d51c776311ce916ad487c11394dd42ff2f4776,76b4de2233f707321269221760c6148905cd9794def650aa533a405deae4d7e7d52421259d574d767fa84aca0b6f1249ad0dc6f7515d50ead2cd9b192919c9c40e0ffb3421b3cc25f3b3a317c9accb6a22d12b4a8044a987da7f58364d94bf767aefeb88bb9b538a2869fe7d4c001e54aecd49fcff953d41a0f8d2d9a9b86826f083d803aff49e5a65a54f3316ae4d,16062004215894046015
9440db3c45be1d741fabca797a6dbfdd2e16483382fcebf150c358b52441fbc0,5fbf24242c3a5d6b3bddf5c9fc2aa34182ac307e42c14391907a498460e15b874ab91398fbfa40fe53c046b4d314722fe60722b90e98d84f56fdbc3b020b86feb2785638c19a2a57dde43c3be466dd49df603bc56cfff66a67fae412b0e07bbe3e5fba6a6b8adf175200f8349c65447c0d562852c0cf847a5eefcdc8d70f3dc5d804d4e34199c1d64e4f8103e5330af84e5d1e3986aef05a93c812692d71690328605f828dcff132d07e6b081a25de5a37807669948dc5d0c7ef8a15eb166781f8643248c773b0fb19e8bcf91108e5fbbb4dbdcc459551a0f7d07d10ea9e299874acd85e33,2459425111344154761
825c6f7cfb33de4f545502ee1ca3845a261bcf0552dc9f5781ae2dedd6075bfe,960e508ba5ecb83861c457e8a081e9d8b9c790aa4e1c0a42f894c625e99ca5d78c66b966f504233493e8e53713c74528bac781226f607fbf74faab3184fbc52312b4d39edf50c1d986d522ec24650962af1e16bc2eb1f669276ea43710f87d192cdbd467ebfb9783a7d69c4baf9f19e14f8877b9254639eeb8dc5a38e2656cf0b831a539bfbb1c641ab6a5486e5ac8339bbc811154bfdd91ab1855abaf1c,14941060392778379833
bf74cc70bcdb888a08dfef996477d16265b7a2698bd741fd8ad0c0c78daa8bc8,fcdd9884186945a1655fea4d0e1fd44f80cb626a5fd2706598c430fb47c79332b1ee6244cf283bf2,3706244659714665562
ce8b2b79cffe4ef9442f501df1a221c4feba5ff290e989ebb21b6ca8e4120807,56bc41945d286769d038eda095b3f4cf39958a3cc8c1130e866b159a33c8d3f8cf5641e587b9b567fb72c224c50605369f94e3ed303ff55c30f7f88cca8cf2d525025c96ab63d1ec165c587e716985572d70ef8151bde0f67c06a49262e74dba4fa84d98a0ce305b546c7e7eba463d2d2c3e237d6a0747976736ddb14a0ec17b3087200eb76cb8e342105919b8729efe1a7befdc7a4979f49fef8dd2d398b53d592eeb0cf97a2740c8b859fb97459ce5af11eb104e6165f50d252b4e3c769b81f1827a5acfbc967daedb68d4f65f87b67e8b03cf01719316ffe981186affd30da94512a1b455f59b8d702192e7ea,7005156584155303626
a5707e5844e024d8c49c69b37d4186f656f6da5ae4bff6daefff80b644cb439f,884c2059ea7a079df5712997b9f161560b2d775d1f9243bd4a602db911a4d1cc91fa9f21f48e49aad733f4df20fbb7479d2ce2a13e9d8662e5b8a3478b1bdaf32006,15757525474326559701
92419a9eaebeeac35501c767c33c514f80da99a28ef1298032d2305d5c9c831a,57e37b5912905299ad,7471691944032220706
fe8cd36950390d9034c9a79ae13ccd2d855b67abaf9f21df414930ad5777e961,c825657377cb6be7fa2933d4baa5a8675f493b7fa45babb04c69b4008fa46cd0fa006f3a51c55ebac388796dc42bfcb2383f51f29c231dff9c8c0e19fb7a5bc37fb6d4952d42de4179735b9ebfed36c3cf965344367f62953ff7e50f15ee5cc04c714c9df88854c1,11741184065620952985
0a88b010eb430f47c01394fbb56f59a6c50777e38b38d00d6e3a8f7ab70781f3,0108bba446b73eeee99ddd0449503ff83b36eca1b5cdca21,5341260427112163661
5f6eb7563937c63744d532b9762e9f15f36a8269ebf99f501aead98482345448,9e7fad9bdaf2edd359b45866535733fc7117a7afc88ffe1b76d1f5039d09735635901968a2129ba25b7530be33ae05c9b11403ce5c891a828e162725227a8c5cc886ebb755a7ffb40ea115ec2aa57dc7828c40ed5c973aa580088cb549a53f12db147fd5bdcb90377435fa35a7cab17c41aca07dba25bd3056d305d28050b29df2e8782ae3d062388a99b1782be4b158a731991c7b216ffa457049c7a277d35b59dc545b0921bae00a67a3097e1cbccc69822407ab9897904f2e5a062f0e0252200f61d9a9e162c6818eef61c38b80215eb917cbfab722382139e0655fed10c4caef2f1b8b4ef96f378f27af5f3f8cc04af09d9569b31f4974427b30f405,6325736077745954458
362a876bf6e568cf635417744a505e022ff08bd0bfd6d3b7805eae0ad0047c64,280e048b09b3c7e41cf16bbd87752811c3eda7adb1e490ce15fa57d637523711d9fd7cb7c7c04b116f1a9da832cc0e4ccb011110338e93015235b850ff5fbb106f5bcd0bc1799bbc02550ae5879625,3841075222137953066
4f192e7cbc31b592838e689acfaeb1b4f9a8a491ef894099401569994cd166ab,72604d8b2624462ff71f4a210c91307f5f1fa88830c9d3893fa985eed1d12223e17ec081b99af6a11e544638bb284c02ca93a5a22eb08b0aa64229f813cc21d875ae0eae751aa2bf6f28eeae98cc98621d4b0f05d4be628ba411bccb55dd78147be603a026fa77c11f860e4210e021455f7defa2ed57488886a9751f6605811d6cb8e4a1979ae0cae2647b383192d705d569cfac5d0fc80fad3b35c0ff644981dc40f6a15874de59a32ecb24,14176194929995894950
282fc69f894fd0b620041c74f3af73f42a5a69e70deed6bb9d84698d6377197e,7b091b445c2143965f53caaaa242ebd5b97381e1c6d4cbc30fe5a01c965533b2a1d8f5ef139878060430748c42f3e52abc82d0867543e51049e1ed6dde4bb61c24ab373b26cf0a7922c96d991ecbf2be420d6d5aea8820356e7ce81c728c425583750a76841d588990f73ea24bae8d4540e7bd34aeeaed721bd15792cb6ec063b8f36def70c1191bc49461b1a1df1191240b5dd261fc4d579488ea5e6a67f563cb7ba25ea8cc679ad37f871ac2222e1c28012c5d0957b26e82d50e7b6ebb42e3a67c7d820acac7b3735ee70d31371e9190cb,7624977982940284285
669a2dfe05c4bec2106c0cab7e02f5c5683b9039f44e53877e0c423a4e5c30cf,1488700f49d62ce3395f3e59b673b4d647cd353ab91aad544290a25207ace7329587c18f5cc7e5dd51ee9dac372578cddc32e581014ebe310fcdf716140c2ae0f9083b7c214b5991fa9280e9ed3f314813c49e494ceb9b4aeb2d54ae0cf694465af687180b6c607d0350f7927538f17060131aa69991f20e314e5bb79a32df3aa2696a8ae49427b8019f13ce32380db7d07e6163b51abda904a95ec859a653278bfb443f6d19af17e448b850431e7f1ed717da80ed6b5ff61073cd883af8af0155f95da066,13247092496029601788
979d744abe76059a15757051a7413f20558ab3f9741b96ac696d2790486927f2,9a956b9a49ca697c810821eaefbff93fff9330bed38dd2fc6f8b206d3420a0fb5843ea5e062b9a663ee587d344c065072b6557004dc666a32d060b274fc479b2aabd608d52c810f9a10d05cd018a59d8eaf50787222b8add8f4845d846438c076f92ab20899c8733438e39319e7d750f0f260b105a85567694e3ddf3ec023a42278e18466f310704c1646e116c837d70a1fc085480bae29291a9c51625d1898d1a57030b9a48dae03b886c8011a323e5a9c581ea1a8f6fd0779f72926a30c85213c3cbbf4035cb4b8229aa4d8f5473c7181515f5ab4513186290f3652934fb8e412f3e18b8c780b1dcfbdedfe63fd523f0df40a4e67fe794d7,9172984118407738200
6619cc87bb2171ce10ce7ce72b6dc41cc9237c1d0b7c46f29c756628be844253,398ffa10bce0c1935a4e1dba7ac5f6564c1f3e9f6b9b7da085afb56a31e6ca5b1b3ebb35daf9d29508b6ad7acae49157f05f4674,7654277109147096482
1c88b8bb75f19264d3693c9f9f5d4710fb281252790716eeaeee80c62fe25846,e84ff0e712de311193d6eedf5d3c424fce347c564373443178925fabe4a04074c289195c80633b10cf8c2f493060ea1cdaecc57450f8ae7f4d3530a1a08789a2dee27a0c87944e1489b0d418893de24c28b0a7a475d8cf10b767b101a0de1260b2c7f426,15269017570525917185
23a0c1701f05a42addfbf8403eecf6f3c3ba91e407454b7e94289818074b9b03,612f2b59bdc5ee25ababf39c0b6450c3a07e21c186878d8ea0685d5269cc86cc,13461280909321915784
5600213ab66c9171a200e87ffc8d4a141dc0df6f0d886003dd44a28245db26b0,3d8038ea6bad38d7e8c81a80805d91b70578c863b45a96fdb3fa367aa146a832c6e806096945d3ac5ce6a6accabe710408460b44822e9b24197efd1216e6be1a7909de6cc2b6dfd045d4f11023f7aed5e1b72c2442337d11ada5b3829b5b9b0fbe2d20226132bc0cccc411d22b42f7d0ee8ef38e525fed8f232ea57fefbf643c84279faaf28560f079156a6c8a032961b3b89e6cca8ae3043587cea634e8620f88f85b71f41c52a68cd267d70fc55f6ca4437a57a81e8f9b009e0842007154907649eab10cf3,7828713056651267192
8e7b846b2de673c0149b670afc0260ffc744e0089c40619ce14cdfc91f159767,3443ddab394dce9fa668809d0872c83bac5f417aa4fe4a43dd6c361560f7ed9e689b111134fb4e796a8547f2ae7f56cc058487607c8c1a3f89d8b42b001990922d08a59036d4859d85b94a313a03d507705e1b99a27195a471f6bea40a3dbe63cf46682c2a2f955872a55b3ba4266a8dc30c4645ec73753d3213,1187882943279902744
ec50a2e889900eec1d17fdb1fcdc40f613a2d9fd5662dcac8c9d0e7064281622,acac04f8a52cddc13e4b7c0c0778e06e012960541d878ad2b232ac7f744506d563f5ce72ea1620513b2c4ee6cd2a92f315d549a36579d639643a9134a1a2044af50b344cff103a13c9ce8fcc283f53db013838f49eeb07a7e41be7cc47e416b2251d187713f4963fcc9d344e05e011bf777a7824352660afa3784c344f79f2c6e9f8172210aa7ffdde6a2b2e6017ca7ce5,10102858093462190481
962f4ef9f457ca9884cb3b6e60cd295df62662155eef0a439fb0fb3e3a09db49,97aa97f529e9cf25d503a1577f588f2a4c9a936240ff3c2ddf529bfb7ea7f4380c3e45d14c1cd7c0f59fd0d918e6189af1c3e3f819c0a4e0d6923398c8ae849770b817e51a395e289e91f4704361831e2a63dcf7063598ffedf5927cd51a8149a44fa73e24f24e44c88acebee1fbedc010475d20fe8e64a4e4a6cb2b3256634294124009c268f6c694d31e051d500a0d97eddce370c67e957b3cd0465b948accc60157df15de3a395517ad09421545a4a7d0ad14a76de080c0c30c7e4c128db6a993a6561779cc19c974d01453ac3d10c5ad401ffc9abc70ead56d12,1390277303891481262
fc9a38cbb9974a85dfef4fb09ad682dbc2e65ae3257cb1dba847ec3d928aaae6,e9cc16d5a98ce0ab2c3e2cf0c191e9d1bdc3f3195e0b4c0d22ffb67c73b23bca930aaf928db3376e6aa404cd44b1d7eb07fc2c860ffc36f703fc82c74089b6ca8c39a4b8aba8344fdfef15014c85ddb638f81afeb1d0c0a3f0f655a4343057fa3e00c13769e3bd6b4426ecf78a4352d1b0dfa1d3273318070a466a7dd4ec4e6a713cd445cccc75124b7492fe088d91d9df32d510358e716dd20c50ba794c26cee0aa0d641270b89e74920f6ad393e0e219dbb05f8da74e0b160e791da359ee3dfd77c5fb6d36abef6831c14cbfbd64a702191c35edff2c1ca086ad713818924b88910f0c,9368498062030128206
4ef2fd5782d9852655d7edbf008cd971352c5f96aba902b70440570ef9bffc18,118fb6178640085db4f33afd5b86442734af6b604c9cd541ed1b1b782fcca7b7b8868d08ec656a2022d6c7b0d378bd869b5efd3aa98210585475224f54dc7476a7e5485880b7f826015a8a542907d6c462c949985185995e1c82a729936fb97a8bbb08b7793a5961c656c27c9f23962c1e9c9876f8d370d5f26a3a4ed2e480a201bb313c365f273ce4b6abf029c5ae3c54a90396448092ec4fe83774dedbab671043a3fd57d28f5591edf9d59858fb220476a5f5baca523627279aea9177b01d46c398b1bf5c71925f3c13fda6e161,8485442220932618574
6c65c591baee2d5575af632d1fc259de5249e5d44ffa3ac7a2684c19bc88dc4d,de2b92eb576a242c656aa2ee1d7987f6bf79bc433d7679d22b75f70c844e8956e55ef8e4e47a0011434169eb93696bd14914890ef85eec443a88343fc004ac50bfdcf7d5294d57387585a196fffa042e9968ec4b4bf09db224c28fbe54c898e6e6eda35c889de3a975b534b8994fd260e21db46c93bdaae2287c183799164fa6eecb24b2f15bf48f60c9dc987905abd7cf35595030edc5141f4b69230e8050e896b7ac73547492262b11ce46b0b0f3617d0564bb8ee2850565c2990eba856feab0210ba43bce9495323a9fde93019b1943718447011bba935cb460acd458546f932b36394f06d5a7,16409835004159456252
2da39fff5f556c2a4dd72cc0ad27409516aed3f8d0c3226e44d91c032c5f43c8,f7c1753618247afb083d3046e6b3f152cd4b906830d725489b39c5cc57ad2415bbba44a7962f34c936bce23dff924ae1e92aef0308971e0c9f,5806791242019961574
15359914df37833ec074d7096e414ddadef7f9e6d8b9ab1be01c70933b8bf476,cdb0ca9e9c8b2b97f3751ce5308082d93794aabf2b7ff7341467e6ab5caa94db06cbc1e7a049d9a8eaad0fae26e033c36acaff63465e4b1f3eaee9600a01b7e7beb9790820fe838b7477f117c86c154856d058c52bf14bd35bbeec756998440ff57d6aad651e3c2e,17717276961754153151
f3bda5fee9e0de7446caf9afb5caa801fb602f67b368c73326cc9bba55866f89,974b0591e098b97a1e017e11097d85e410f7c78499ccf3ba13535f900dcfca1dc0b8a9429da98a0194c77607b5d54ced4ca293a91be5cadd3e4f1851ebaf08d179fcc809f2446822fb061978a980c65dfaa3bba352b536679b81a84fda1d60a5e5ee7a45d0eaf05e259f3895eea9e654ee2672b89bcb72912e6a5f0818744af39aa344dd48e327ce03183173851f423460bdf8daa799932c83295eb269a91f637f337ad75e635adf9f2600a93cf694aa1b950a0bf76d96186dbe528dc51e07da765a5dd1dfa6de24555c3019116b16ad9a96e08290709689a1530976882ffb244966366279333632910572e731845a9128785a7d46feef4fe065df,3661538575518007284
31d71a5e4e62837b29130c14391c2fb228fc62e023e496e3bdc7becd6acb9efc,0bec3f98f7295370335844380f2829d73a3d3f53328cd28f98250f7ee6890b6c78c505ca1c459d6c4c52bcbf2a646204d8e8b4fd7ed34b41e3c5ffe3dde30132c50fb347c9c7491bb1ddcf9a7f72d4fec59c2d71eb57d2f8dd95da4da85f3d37f7bab5b2af67679f3af6bcb9a63f8cbd4c769c4307a2cd90e22892a0696f4f0b994a0be35764b2e1fc2f6629890e333f772feb9e290baeed296f81347c444592b2ef8d0453f45f930cf0,15728208256451125203
82227555a62e2e66bfae650ee9d402895d6968e2b2f3a02dcf7dba87d22b0a29,db2d7ac5d7baeb9ca2d1f1f8f037,10466404245721663864
5de7d6456992d8fbfb6790e22f85b019287e778c1ee0224be9093bc077a3b3fa,5bb15b913cd7bbae514753b8,16542858860054103800
31f4bc945dbabf216b2acda70fc42074ad42f690679ec9db300fba9a546cf66e,968d184f0065f9e4436522a8591f74852546bf3cf1c0a39a64de9d3a79a57346012d14569e98d62daeff497b2fa233fa8f403e7afa22ad10a5,12027222842251804994
c4cc50f99ae00e98297316fd8bd86448ad77d23cda8289d064e0c922edaf7360,2671c43a62e5bef44d062c225d1630b1e544ec3c8b75260ee2ebf6a7,15212775128689178268
6a295f7c244947caafeecacc86bc7666dddd93640030defa3680fc3c68ce5bd9,483135c60ba82c8f3e01e41eb61f7edbe02222a078c12bb6be373df0fb2b074a1b2e1d5b6abdbd849797232788e9f9a303d10f7b65f98854fec51cf38485a7100bcac8d3824a107a6a1b60edae24d9c48ce5896ec0a1b5ddcac1689fac530d9ca0aca469c312484ec85199e958203bf6ed63f933af9aff845c19919e30d3b41d53bcb5483916466fd2b0ec8155554b5175b71473fec7b4549259f20386aa88466417bd58a04a5bd31621beb515e4c15e54f64d3141abc11d252d,9925588456467922896
d3c0f0ccf1b4d8ea421fb00d8a30fc35e392db7ff35291236e8a82016e21e81a,b6f350d5a93fa1bd0f3a58836417406fc2d95f23172b07cbcdb9978f39eb95b245f67a1df099,12023881835905493857
4ddbeeea37521bb789936865b70f056009c9142384a71e315378d66a45d82b65,78e1baa82948ef8b15722c61504ac56b33805cf4aed0a9cd7816378f748f56896fd582ddaebcce8b0bbb393f04be6c5cc88d3dbc6219ae9c32844c7fcf8b3662ca4b324569b2e5e32e12a59a1ce70e5442293f6ce48df472c82fbe6f4c52ccd55a8f34ff3cea7d4d061d71abf7de12f55648cef691878a904c77d922dec690c5caab5e838bb8b179443885c5a419cf757bca60ffe03ebc138a0b0f1956d192a9ce6aaa1db0fde7e0f2c4c30dd61548259b50a679801b7ad822dcc61e,15008996036612009309
663c364005f6e3ad3094a5c815a1c5245933812b0f73e5c052ba738f0d6706d4,6e8abeae64a2bc0634c7bb1a31a9b5789061b43e30f3bf47baec83c72d8317d924c42cf4f5b1025d63c0baf8839cf3286b6b6b5bba8d03f088b0610055ae569e3a512e9769d70dd34b1f646b97c33c7dfaa7fb94e5440d307f54368f9186d1b570ab,10528986736944809440
876bffe68851a5c91d92214f5a9bc4eb29bed79cc4220a76483ca2d90cca4f49,f4544d07aacb669901e5d6ddf5dd1efbeb65711bbfe3f91553596b69e75f78dc63b58e693e28c8ffbf37f3bdde11c75bb974045f0058114cbeb116fb9071c53f9d5eb118e422a2926bb755742e272549d02ceeb8354c22ac26b06ba59e28846c614be82687a7a0e206b8b0698ac2b99db6ee5c3a15d3f6c68a5b9aab97668644a4f6df90d8342df2cfe89da35bb03813149f2ccc02f07177,14546309742629793733
3268bade6b2914a490a42af7ece2c000bad7186568f0c378c6ccc8bac124286c,37df98d2de7979cc72a4d2009b8da7361fd5ba6cb1dd71c657e86c0a80ae4b94443e8ee1483321e258ed03541259c5a443d8fbf0fba13208cbeb627737dab08c3fd14fa5499e337d72824893d2d9a1af8c2d09510dff5ced327fd51eb9961307c0e78c65b05940bbceaf7cbbf6ad583995e4dbc02e4dd4f47064860d5e539d57fc0c01becd9b050a,6932472817071830877
c6d69774c943fdbaf5c9e95227a2862730c48aefc5bb0d15a90984299961cd54,f3e9f1e43771cbd8ced945d3f7fb78df5e8515c7a454e3cd047f179f8a33861da6f58d65c03119e0a1fce2ae180b8609b4d7e4ab8194043c8cecaeb05d95dc9922de4d71817b5c4e6e0d094b71c19ee0c2e76c86ffaf1d281f6897343e3e18922d6e62739e41f9b5ed0fa984e13cf7f4324dc6aba51a1fb82df2d940677949c9628a65b6557ceb57d38d1582d28eac216e06fd585c8a859dc34d4e44c62facfa8ac3ad0c5f5b0891b9f93be4097ec4724fe1214ce8f81af1163c135c021f91c1e7598c6c31192e1697ebe415714b776351dfbd8600f2541c8242a563ec548c6e64b695bd82919e7fe745e76c,15527730103281897506
f00ddb11fb38124957a5aca1463106637f62f1ef8ec11e4acfe12027daca7b2e,910087b89b03ef803267ebc05d763bbcbbdd91078239b3ca91258475f61d7a86c291ee3efd3b51282d6a10a44332769334614e697496302f03ebe3681f45849eb020fb27b12c5a19eaea3a97d182bb3566234d38cc17abe5d50f56a1e34c05c11f526d026a4d8d727e4c5e842edc3914204f97fc3688e36a7f930eb5322e9f13ec3f52f56be0ee6a683fad447f1ab98ff409eae4151d6df72678766a11ab6d828583383e1b007b6984efcf682a02115b1fc8663c932d1a23c088d4851f62b18730141733fd1bde1a23f1,12097293526699996195
0f51c1a7149ca07268e985e1f98cdb2312f1e44590f439fff9f7f937334b1f0f,d735d4aae070bc9dd6d07109973a468ae98c17de99a2e087e4c6caa8ced55851e5dcd696aaa516009aa65a164320ffc58394087bb57f93dbe955d4c5a37bd83ac902e6433eee244c65d386ad8e7d4881b91e627d916061d8d74f6f11d2170b32c20122dc7e5d1e58aed280a0d17108b4c7bfe75db43e0682526a2fabfe84c822bff16d545d2f09013a46df466f87233f891c8d7a021a9dfaf75a9f744d0a25f241e6a79594f3a60a9f695a5f8bf5d3a07e3d6dad748f5a1a9baf0ddd12f3ee6e96622e5298eb496065642ff79d5d08657e8736508768da9b196392e86eb32384f9fdab2a0f1edc5755f55e4155fb87308af27722e101216d6f4913,470007849038929466
33a5b79f55a306042e06a7e70aef998679dd9b3fe27c7801b59b597f7cee903e,ca18ecea0a331d6e84c3927addbbe8ee42b1eaade8165ce7966a738becb2a49eedf409b449f7730c764b448e7178f1479037ca43a39bcdefce07f89f82657c19da8f2a1403c1af179a26e0136c39fc204adea4ac948e502923ba9819d66dd1dbc8a6995134c8eba6e89dd8e49808af1aef32e33866313d37ed1b0b7c7047a3313e51fa4ddfa310e47395cd34da7d5f76f5124bfd20d0ce47123b6ecf3683a847b233fd8420649d74052cf590bbfd88da8f69466fb7aa6dae59e31f32bc910ed41e144c8fe81ebf0ac095cdc1fd2ad6ccfe6f95daaad8,8400664769107115224
406277bf9dc4c509db90986d82ae18345012d7926ee74e64a0d877adfb540ba5,9f0930c5f88eb1b2b04fdecb6c45798e43cc7431be937810864b31917b7fdfa8957c3aa8bdcb41af163af808b70ab6007d39b29c1c261284fc1db4bca94577e8be551643e757ef68ed1a7a1611081b76f7c196c2f006efd96b366fddcb62939473d979e219cb8ba03f528950b57bd404c8f0525a04beb9f8c37a6dbda1967c9478770ff0d91516c78c510f93655d29655b66cfdfe8ff8ae40bec944887e41c671f82979ff9ac7d097ae7c28d5b8165f1c04714cea538dd8325c91731716d63a680157b463505677b98d4275e017780c21662b95ceba9c728892ac3802bd13a,14932771747655022718
4fd213d1b456addf93d83b3ff95bf286a21a3155968e02e8f946e5d292a9949b,eb7164778fb0c15b50377daed6b36e771d47ad33c612af08be69e03957782fbb24f6a67fa06ed7f46aac11874deaa8e75bf33ef12a292a7858c8ed197ba11c7795ddd397842a907bc7c43eed19c815bad5dc978ed3cfbc,17711579124464055468
fec22a0eca3ee84261bc8c3678e77db6c92076dc3ff3a81fa037f3aa21a1f0a4,49518ea1460d60a6f4feb75b8f99145609fb961827095e11e2c7daef3ebbf541b74e7610f5d3b41b4572fc70,17273373014323082455
bf549643a25cd545fd74a0e538d103135af7425995a43bfa60386cf52c0857cd,30b3baf72256c76344f21e584564003df9e4f53f18d20df3b7532bb51b4340c1fff89570eed2afb41215d6c5c0fe4b1d34c4a5ad22069e1cb03ac1c1de37dbec0acbd1b0bcb83f1f0b1393d298c01099cdfdb5543bfe768a216e36027832e03ca70ee6468eab7a2e3eea998b6a36a1ae07de749847b03c079dfe67c2d52a3b08aafde50af17eaa020328e2fd08df1728095e09f825fb516e8d527166c9b4aa18b0dc46f5b779c2d2123f413303b450be05637bd14f0a,2648903375280867656
ea3349ac9b69760b68dc89bb4d6c349244dee8095899461652d18b9dfe139bf1,d534abef622f604842c1827910e65bff5f207c7069b38e1622e8f21d4d4d21404491ff08082599efc212eaeb7ccdd70fe1947285d3e94293128eabc0f401ab0f1aaa5198850c8566a58933552471b60f362823773400434254690e307a583ec52a1d3749b90db11556319be8650a34c51a253571aa203b6f1dd9dd5f8b3b,17382673229762856800
d171515e8fdd37211436940e90a059fb330222eb70fbfa2783d0603ede0aa4ed,f5a576bb573df61086e0e949e5f5ecd6e746d5d492bc0bc764692960741e136700befe19a99e8b0ae6a1b98e41074c1a90,17888694109627798951
cb40c3d12d1d67516fbf5cdc1a8f303c66eb60811adb55adcb1db0d3fc9c5419,6e8cfea790194fa80e5755f132fd0861e1fea6eee9e7ff35ca46f8adc413b9cf3429dba3864dce6e53b98cad7b7559b98f3d229b023634f83037e5f49e3bdcdd58bc566bd7946afc27ab5282a82a5699782a25d27cca5c2a41d09ba54ec8246f1e7826d589349028ad77b93bb902ff6c51633ff9ef510770de7eb282dca82c4d470831f1b1c6b032ab42d220d6c45e3ed0058e78a8a51db6070b242dbcd30165feba636fb16dc848c83415d140c50a0ab6a550c08e5d479ace0ad6d70c8edc54b53afb17e10655a4d13699d61862cd94c9cfa9034b894c94c9,1953670236431069721
5eb6495acd85e77b0d8472a020287a74117962984cdb41dffdf7f355c1adebf9,0b34ae5fdfc56ef287a7dd1d7a72a1a8511ff293a16f0401d0caa4323a38d119245947d54ca838243e9add02a546c17ef898b0fff0d5f16d82811d20ed115603087b,3994668028193550954
7f9e5b2ee7d97db7bb0cca106e3389174be3a94004c51bd8e027191303256754,cd70e68acda1e10b92dcf1fbf947c6765f0c9a93bf347ef01d71c54091fa04270c5ff6e1b5b12d2fe39c20efff722d7f2e331da9cb49dc52fa756b63802285095eae2e4622aacb,3481858521894561483
aa17d126ce742cf7aa58c2aa5ed213083aedb8dd770e688a75721a4dad7cbb18,7ddcaf3b0f52bf73dca3971ac96fb70511c592929215aafd3ee6602dbd18a8833cb6f7b3cdd919ef84ce82f9e6a05d7b44b4065e6f44c8688f7e678a15de3b615572eabf753a66d10779128e6092d7c1419f483b4ff51df2337997254fd28066dd06570c6f9b3493714c8bad3997507d245f6bc731cb546dd4b005955891192fc30bce683f28b948433ad258c0ed300b4a0fc7823b775c6f8b23603e0199,12313424060665278080
793d14c7c9ea22dfec6b5ddf31e30ab2347ed2afb4c6841cff920d264e53a14c,1d23f35352b4c082128f4b303e09d47022d833b2f2a6663adaea4f043547794940b8b3223600274785c5091f1a27268fcb1221f1d9200219b1beeb0d3600decb4bc90ea707680e86fc6f1e8ac73615da9d98f1213b34c6945683ed2e64e8d000bb0b82200bae3945720584e3ea543aa46fd822b80c6c711904345f07aecc898de7563de1073be3dd9704f08c238e6b0a151960973522facc39066b1bc6ccce4bc2c746eb997a9be95ce9d62390bb12a4ba1ee721fd9072563454fbd083b7929532297e852b46bb6515917239a8fd54cd22d6851840d1e7314850c10114369ef5f3354f45e7964814f9,6479946242368517363
f3aa97136912346eaf541babea29cfcbf42453ef96a94efe5b6418ddc4394283,e6ace9fa0c7a5fb59e64b9bed18222673c8238fe00178e90139de07fbea43969ffca8878aad0163900b81207f5994a3ecfbb1f0c8e2e35c3b29a3ac952ce1c75b71aee,13802051915731330823
6ade76646eb75a0375b23df74a703584d94daea2307fceb2cc11a1825272251b,491d97fd7cc00bbf90477199d74df19cf1bca3afb4071915902382245cf69d68d57d28a74e935f9bf172acc9607de779461485e60dc25aa45259244976814907062fd6c467cf7a73a064197f4c4ac324c609ec2aabbfb1eeef961e20aa5f7833025c8d27424251fc24c9efae913c5c66c5134ac5fc9e0508617667e829b476a83c6d04dfbeb391c05955c95b9df32a8d3da3c257f61f9b9568b1488a42a0e03eeb5690a26e0dfa0e7b1b885cdee8414dd4670f9ac030e9d36febc058ed27c60a3004573605d28cfe8cfa0d473505,16355218696373295532
0920e8d0836670efde023313739e74321313d4d38f0f687880a897465adec07b,f247e4b03f7c3e49cdd3bb27fd066ac2c00f71e5054ae06967613bed196159a27138e0f61110c294318d942761b4fe334e9e881318ba000c6eb828e318918be4cb974d2ff8952b9cb2cb7f35a2e2a390e94a0f53d0079184a6b44a026518769c0c81de9c85cc41ecaab7cf1789686af3cb816c839e2091ffff020a8a908c33ebde68b7ca4c6d450e5e0766236d951de30121f204ef41a57732ddf7a72140df93a7e2047f943665c0e77e32097d68757b8de864ac8bf0b6fc152e80c0fc34bd663e42c3912d4bdf9bf80802996fc8,79495226290539124
916982ce8331f77ed9d35825dc902aa1dc7c75e20a7cab59abb19fd529c0b9f3,3106f7108a8a05ae21cf7730666f2f0ed6d0b8d338e9a9e965984fe2c2d883b11ff95e6b6f8552b7ac71f95b4490a8ff834f4e5d74,10858220527520650140
677f31deb2a2623326dc96a1126907a6839c314e400d68fa3015c7368b3c7214,873fdee10870dd6bfe7df9067b82059b98ca0b52ed336323a1f6b7cabefb7e895a558c8e0ef83cc03cfc64a315bf656e447f53c6da3fdf668601b906c86b6f306c944334583372e0383b6bffaee5d6955d89c58c1ff9cb45c7a6cb7f112ede85dd02e5ed60a5405c8c10a8be81f2e9696223b5e899cb14a16221c96ddb3c45a8fa17a85ff8e558c6,8850997204418462874
ad93caafc9a576308419e922726758cf4ad85ab5869b5767f92ba0b864feb26d,d32e89830b2087bbe10803cafad5da8e6fcde265c37c3473be92dab44dbea330e43d63bf1e5add5ff56e1b75e953a5bddb35d7f3e8f1b933d4e0b9d09cd925f730c1d8b2e59b37194d1b4bfd0e99f7986bdfe32f3825b951c62ba7602be513f7e5ae765441464880cf31a45d25bd4cd3beb987c3b1544a7c73aac59c3ba4ba9c0e4a20c9bffcc5ae45aa44a141061f3e1024260d7f1b9df783377e3350a3ff600b70e0fc3ea60cad74c9adb7abd4dd4a9d0c393b96188192cd49f74a67543b8896af0467d43ea06aef9cbabed5472521485016e4c3a0c9ac10a81bc3f7f30ec6a4878949d202,4844477006751040454
0e7490fcbc9e6f2be86627a60f4c471a30cf68766958bf06ec517c20f2414f2b,79fa38a926233ca1fcec12a1fdd9ea464dc76027985179c60133c3cb3ac3fddfbd6076b7624d6a9d21317e77a9681459e49dce234ad9c204a041ff3c63b2686a3d1e3cdae5535fcc04024d88e49c568672be0d0acf9d6febdfa19d5db7a397abc437deab6479589b1c987df436976de3a63f6a4b41754203336a0e967b86a166600abb808f0faef33887a711857847fc2a4a0ae4d43aaf3fc0286f24f9758afadb7544535613cd93d32dcdfcde0e0eb8b480606e3d44395c2b29bee056d8a8375b8b2f659f642c03ced0fd0f676e92c4c508e8073a0dc6ff9c130d28019928c486d8414ab7297985641c2f57,3035181987728377703
ccee8a04d2681ea0c5e7992caf1d6ff2c4a6e0ccb1722cc49187477f072710ca,27f354e49202e6428ff863be66eea9d3b11c8c0c331cf6df7ffe5d681637038e045f6dc840334836b1f621af998094c7135d69e7c5143f58c97be08322b89461a0faadd0edaa9a3ee52e69f4bfb5ff436ac6536808c88a0cb669048ecfd8b6c1b2aa031afea29febfa5d1f6c90729e6f6bd3061ba0b0aacf40387cc1f825ca8b8e0bf889de32e27c2b,4131985223397564003
2602eaf0ede6153951476a1202aa32650a6afb4cd392d2bb05ad17fd3d37f3b1,17a6d76b4c7647ef709d41b8a1c20f913ceb456ecc9b830c775adb73ab0a8646a9364d3a33315a23aaa92d44e2e971250d47094a4618c185e0e769810ff0edef7f894b429cb81b5b6a92d2f01b332efec7a1a2fc059abc7be1e56bbd75d213feb52ea35ab45c5ed1deb5620c45244a0bbce4bb43ce7875586340a822bdded18d83ae048a337ea4ae2a14dee32b3e9daf4ccce154719a9272c69a0210ee7fbed9d781353cf71668a12103a0a0405f0e04b7952cd31ff3c864ad3d5b40874d223ac333e9200c299e263f2a8a4dd8272f9c6f4ed2136c43e19c7abc580e3755eaa54302f5e4ddd2fb,15010300230963623471
6ffbe9a37612068a9e1cd6191695d53e3fe3f1016fb7461f99cd78ba4d68387a,273cc89153285534b074ff27cc98636446852e71a545fd45db89f067a523920d63ffa7b3db9600f345754ded977761838d7618ae226b5345463e56b93b5bda271a9a4f00b7122eb0c20abb00d1fab8412551171d8fc8e7341c0e1b0e94498aa237eecba49737aed5c7951a9da4232be727acf6c9c364df1d9ae06b7aada592f165f2c6fda67f69bbc66929558821c794439d13e5e8e6b83facc175eabe05cd76458c9d47ee2614187e79e9896babef9ef6f98e7661143119732ad790ff05,15744165788770727180
e6474364f891096f2d69f0e8dba230edb496972f1540ffcdc264b42f813e6e92,b39ed51d10aedf9ffd65adcf32c15f67bb02394d096b98b63880909c7d0eb0746effd754a20a7e2fdfb8fc610addd208d2f0e9292977588b1a596fb1d047f8c6c1122b55191e1ce7abb91807cbd2ca1dd62ff52b30fed392a9c4c8e7ae7cdaefd7c2b79cc7d7d8ddae20a8d5fa2ec1cb966cb552ead99648511845e8cdba4ef8b9b7167fdc666fa006372fbb4fc123955528acd6acdac930e6d58a6005b0f07c5d415310b06c3dbdddeea6f019e0372a52b208c3786e296052432801f2a9d12b154ae845f84268f3f7f8e677413a7740eb81a795aecfc0f926af388d1270b808bc3b1fb70d4b648b62e24c0d970d0dc3f0a9e1b47bd70e5280df8def,1550351733544896397
9c22b0fa9be4a40dbd1737b991405138dd8f065d03880fbf7ba76de98a80cbad,47cc9b9928ff72b344589793718044498b0c771f46b7f662100d666ba8198543d89e7971de4c5194,14957264762495583619
782f44cfa3b9b3cb9ffda0b345cb7dd723a92a9f06fcccc4e65ca4f01d3d426a,f7276a504e6976f3a8636267d4d41b4edd27e367df7425a7bba920c7bfbccf65822568d361d755324a62fd6532d17c4d10d439e1d475d85d53113a289088a8286053b08ddf8f703f6b36927289ddb45006dd8e8b1c1db279b1fac4ee6814aaf589a581b853d69d0956d557978db7c6d4e0c24e6d20c694fde3c1ea16e2c206f675f3895d7241e30868840e7c72fee77b2f84b0d78f5a4d58d161d461197841b8d966dff096fa98c33be090f4a1ec957d0aae0da1960a3b077095d35313dac115c185ce8881671318c99ef561600ea0dc6d7176a81e3e0dc17516ac0d729fa2517bfd01a8fabcc20a3d172c60fb,12470819402039910876
62849d998696ae1c4dd4dee0bb67362585aea416857bc6e6dcaed01f67118e38,67dfd09b9b8dbbea162a692a57795cae8aef0e808268bf2a6e8af00a9a17358e26887c263d7eeccea4f19e45f5314b6bdb3ed2db9d2911fe7fc0cbe2c5c4c74989e7a82462cf0c8deb0dadbd00020233445f93a7e92121b72052275139ff7934a78507ba55b2d6e19021ba4c7077c51853eeac0a8451b962d0a506f27d28087c57e0823922f260e22b70faecec016e6b,12754696030029507143
c7dfeb0c1c1815515369051709708f7bf542932f5f97e49ed594497bef2c5ecb,9a8c1dee359067e2cac926ca1fa028,14670148842908692745
cd8c18857686f34252059005c5eb1ce1683ef4261a3d03f847bc18941f315dc3,e1f626728ac75bb0df6c0370df97c0d2096fd1499a70a13f2f670a0c0a659e8b8c8b44cf9a32d4b24819fdd5ab63eaf12591dc97be14be5ca09b5087c89f94b50f2e2bff5bf7addb925dcc40ea897e73b24a6a86ad5aff062438f9df977d09431f4ce8d9415de1851859b509c0f0f6,2945924235338078952
56df9c62ea236e552a7c13fd074d3ca76c5cca82b48eeda1245f24641f1b1a94,95f215e918d17b10aceb4391b04160c7f9b938525ee2864f337f34aee7d734bcd9d564545d0b925da787cbd58ea276a03436031c49b447728358bf03fb18c84f916bb4f2cf0670d70cf84ad820e1d0cd519f2a5e8f1826,9712151709083801617
7d321289623905241a503bb75dbddba1c5f1e8058946872fa2087804f5d4eee7,20c0a92cf98cc1b6437a2117cebbccc3888c6bdea7e58cb41bf95d965befcfd105ce4695e9856aad8bba0f496439e877a6545adc52b59dd7bba7b7cba2b7006f99968b2ddcc11d74fc12cfa80d0af052f7b1bcf3cad0842fd15d1eae184b9b13b19e5cdaae8ece408658cf389eb7cc00b3c33dc70b7587cda09be46f5aad1aca84108b573efc4531c6cca6947c3c4ab10d7e70e238c2cbead15e026749ae852c884910fa9d8826b755f558074132b33383d600d8d1d27786985f132a3b4ca021,2776542433298668392
ba22d36b6742cb74bc5f9225e358591f93ffb145e888ebeff7cb32cce159147f,9b9bc66307922bb8f617d26a7f8e491e6763c9f957c5e56bd8c55b076716d83ecc66bdd4e6c1d58ee40ad3114343fa8882e5e4ec28211d9e80976e9e2116450504ab32a3da12091898be98402ea4121f7eb32b9692748664dc410dc7c85e8cafbff96083a4b73b3e0f77550a64eb2159fa063f9aa545aec3cbce4ab8112a35b57a76382545c13d91a4e8b30232acf44dcb6dd6d9e9a0ac8ec99ffc6725d5ab5787cbaec3a752337824dad7fd41d4a91920a68cffa641b3750caf3609c10b3734c732b03fc3a246a012d00d49a31859d276cff1b02dc0f648bc6e54c6a7beefcc35f0cae4598d7729e7c512,3887076267040758506
15aac4d85cf0b2448e3895d0a7e29b1ebab75c35800e91e1ed0c62e1a9e05ee4,020fbd24c792c38dec606f80abb37ec3c2e096efeac303440bcd1002138222679e8f6a,1515856895385577911
